{
	"display": {
		"icon": {
			"item": "minecraft:player_head",
			"nbt": "{SkullOwner:{Id:[I;0,0,0,0],Properties:{textures:[{Value:'eyJ0ZXh0dXJlcyI6eyJTS0lOIjp7InVybCI6Imh0dHA6Ly90ZXh0dXJlcy5taW5lY3JhZnQubmV0L3RleHR1cmUvNjUyYmY3ZmE5OTAyYTZiNTVjM2VkN2RiZGMzOGZlMWExYWNhNzljMGEzNWVmYzY2ZDcyYWJkZmQ3Y2Y3MGM5MSJ9fX0='}]}}}"
		},
		"title": "Possible Bingo Items",
		"frame": "challenge",
		"description": ["",{"text":"All Possible Items That Can Appear On The Bingo Card\n","color":"gold"}],
		"background": "minecraft:textures/block/cyan_terracotta.png",
		"show_toast": false,
		"announce_to_chat": false
	},
	"criteria": {
		"impossible": {
			"trigger": "minecraft:impossible"
		}
	}
}