{"stats":{"minecraft:used":{"minecraft:wooden_axe":19,"minecraft:acacia_log":4,"minecraft:wooden_pickaxe":30,"minecraft:stone_axe":16,"minecraft:crafting_table":3},"minecraft:picked_up":{"minecraft:stick":2,"minecraft:crafting_table":3,"minecraft:acacia_log":20,"minecraft:oak_log":35,"minecraft:dirt":9,"minecraft:kelp":7,"minecraft:wheat_seeds":10,"minecraft:hay_block":10,"minecraft:poppy":5,"minecraft:cobblestone":29},"minecraft:custom":{"minecraft:time_since_rest":10038,"minecraft:sprint_one_cm":60552,"minecraft:damage_taken":230,"minecraft:walk_one_cm":52016,"minecraft:drop":1,"minecraft:damage_dealt":89,"minecraft:swim_one_cm":13426,"minecraft:interact_with_crafting_table":5,"minecraft:fly_one_cm":13759,"minecraft:play_time":20801,"minecraft:deaths":1,"minecraft:walk_under_water_one_cm":1488,"minecraft:jump":101,"minecraft:leave_game":3,"minecraft:walk_on_water_one_cm":2126,"minecraft:time_since_death":10012,"minecraft:total_world_time":20801,"minecraft:damage_resisted":10,"minecraft:fall_one_cm":2043},"minecraft:killed_by":{"minecraft:iron_golem":1},"minecraft:crafted":{"minecraft:oak_planks":56,"minecraft:crafting_table":2,"minecraft:stick":16,"minecraft:wooden_pickaxe":2,"minecraft:stone_pickaxe":2,"minecraft:wooden_axe":2,"minecraft:acacia_planks":52,"minecraft:stone_axe":1},"minecraft:mined":{"minecraft:hay_block":10,"minecraft:acacia_leaves":2,"minecraft:kelp_plant":3,"minecraft:andesite":4,"minecraft:crafting_table":3,"minecraft:grass":50,"minecraft:acacia_log":20,"minecraft:grass_block":3,"minecraft:oak_log":35,"minecraft:poppy":5,"minecraft:dirt":6,"minecraft:tall_grass":7,"minecraft:stone":13,"minecraft:kelp":1,"minecraft:diorite":12,"minecraft:oak_leaves":3},"minecraft:dropped":{"minecraft:filled_map":1}},"DataVersion":2730}