{"stats":{"minecraft:used":{"minecraft:wooden_axe":18,"minecraft:acacia_log":4,"minecraft:crafting_table":1},"minecraft:picked_up":{"minecraft:stick":2,"minecraft:crafting_table":1,"minecraft:kelp":7,"minecraft:wheat_seeds":8,"minecraft:acacia_log":20,"minecraft:hay_block":10,"minecraft:oak_log":6,"minecraft:poppy":5},"minecraft:dropped":{"minecraft:filled_map":1},"minecraft:crafted":{"minecraft:acacia_planks":52,"minecraft:crafting_table":1,"minecraft:stick":4,"minecraft:wooden_pickaxe":1,"minecraft:wooden_axe":1},"minecraft:custom":{"minecraft:damage_taken":230,"minecraft:time_since_rest":1477,"minecraft:sprint_one_cm":40135,"minecraft:play_time":12240,"minecraft:walk_one_cm":24186,"minecraft:walk_under_water_one_cm":1488,"minecraft:drop":1,"minecraft:jump":53,"minecraft:damage_dealt":89,"minecraft:leave_game":2,"minecraft:time_since_death":1451,"minecraft:walk_on_water_one_cm":2126,"minecraft:total_world_time":12240,"minecraft:damage_resisted":10,"minecraft:swim_one_cm":13426,"minecraft:interact_with_crafting_table":2,"minecraft:fall_one_cm":1358,"minecraft:fly_one_cm":7459,"minecraft:deaths":1},"minecraft:mined":{"minecraft:hay_block":10,"minecraft:grass":40,"minecraft:acacia_log":20,"minecraft:oak_log":6,"minecraft:poppy":5,"minecraft:acacia_leaves":2,"minecraft:kelp_plant":3,"minecraft:tall_grass":7,"minecraft:kelp":1,"minecraft:crafting_table":1},"minecraft:killed_by":{"minecraft:iron_golem":1}},"DataVersion":2730}