{"stats":{"minecraft:mined":{"minecraft:birch_log":34,"minecraft:birch_leaves":7,"minecraft:pumpkin":13},"minecraft:picked_up":{"minecraft:stick":2,"minecraft:pumpkin":13,"minecraft:birch_sapling":1,"minecraft:birch_log":34},"minecraft:custom":{"minecraft:jump":43,"minecraft:time_since_rest":5754,"minecraft:leave_game":1,"minecraft:sprint_one_cm":7595,"minecraft:play_time":5754,"minecraft:damage_taken":20,"minecraft:time_since_death":5754,"minecraft:walk_one_cm":10540,"minecraft:total_world_time":5754,"minecraft:fall_one_cm":900,"minecraft:fly_one_cm":4168}},"DataVersion":3953}