{"stats":{"minecraft:used":{"minecraft:wooden_axe":19,"minecraft:acacia_log":4,"minecraft:stone_pickaxe":179,"minecraft:wooden_pickaxe":30,"minecraft:stone_axe":61,"minecraft:dirt":1,"minecraft:crafting_table":5,"minecraft:furnace":2,"minecraft:oak_boat":1},"minecraft:picked_up":{"minecraft:raw_iron":28,"minecraft:stick":2,"minecraft:crafting_table":3,"minecraft:acacia_log":20,"minecraft:oak_log":71,"minecraft:carrot":1,"minecraft:dirt":9,"minecraft:raw_copper":15,"minecraft:arrow":2,"minecraft:bone":1,"minecraft:rotten_flesh":2,"minecraft:kelp":7,"minecraft:wheat_seeds":10,"minecraft:hay_block":10,"minecraft:poppy":5,"minecraft:oak_sapling":1,"minecraft:coal":49,"minecraft:cobblestone":125,"minecraft:ender_pearl":1},"minecraft:broken":{"minecraft:stone_pickaxe":1},"minecraft:custom":{"minecraft:time_since_rest":22394,"minecraft:interact_with_furnace":11,"minecraft:sprint_one_cm":65306,"minecraft:damage_taken":300,"minecraft:walk_one_cm":82390,"minecraft:mob_kills":3,"minecraft:drop":2,"minecraft:damage_dealt":870,"minecraft:swim_one_cm":13426,"minecraft:interact_with_crafting_table":11,"minecraft:fly_one_cm":14978,"minecraft:play_time":33157,"minecraft:deaths":1,"minecraft:walk_under_water_one_cm":1488,"minecraft:jump":144,"minecraft:leave_game":4,"minecraft:walk_on_water_one_cm":2728,"minecraft:time_since_death":22368,"minecraft:total_world_time":33157,"minecraft:damage_resisted":10,"minecraft:fall_one_cm":2461},"minecraft:killed_by":{"minecraft:iron_golem":1},"minecraft:killed":{"minecraft:zombie":1,"minecraft:enderman":1,"minecraft:skeleton":1},"minecraft:crafted":{"minecraft:oak_boat":1,"minecraft:hopper":1,"minecraft:oak_planks":260,"minecraft:cauldron":1,"minecraft:crafting_table":3,"minecraft:stick":28,"minecraft:iron_ingot":17,"minecraft:wooden_pickaxe":2,"minecraft:stone_pickaxe":8,"minecraft:wooden_axe":2,"minecraft:chest":1,"minecraft:furnace":2,"minecraft:hopper_minecart":1,"minecraft:acacia_planks":52,"minecraft:stone_axe":1,"minecraft:minecart":1,"minecraft:air":0},"minecraft:mined":{"minecraft:hay_block":10,"minecraft:acacia_leaves":2,"minecraft:kelp_plant":3,"minecraft:iron_ore":27,"minecraft:andesite":4,"minecraft:crafting_table":3,"minecraft:granite":2,"minecraft:grass":50,"minecraft:acacia_log":20,"minecraft:coal_ore":49,"minecraft:grass_block":3,"minecraft:oak_log":71,"minecraft:poppy":5,"minecraft:deepslate_iron_ore":1,"minecraft:dirt":6,"minecraft:copper_ore":6,"minecraft:tall_grass":7,"minecraft:stone":107,"minecraft:kelp":1,"minecraft:diorite":12,"minecraft:oak_leaves":3},"minecraft:dropped":{"minecraft:filled_map":2}},"DataVersion":2730}