{"stats":{"minecraft:used":{"minecraft:acacia_log":4,"minecraft:crafting_table":1,"minecraft:wooden_axe":18},"minecraft:picked_up":{"minecraft:stick":2,"minecraft:crafting_table":1,"minecraft:kelp":7,"minecraft:wheat_seeds":8,"minecraft:acacia_log":20,"minecraft:hay_block":10,"minecraft:oak_log":6,"minecraft:poppy":5},"minecraft:crafted":{"minecraft:acacia_planks":52,"minecraft:crafting_table":1,"minecraft:stick":4,"minecraft:wooden_pickaxe":1,"minecraft:wooden_axe":1},"minecraft:dropped":{"minecraft:filled_map":1},"minecraft:custom":{"minecraft:play_time":15108,"minecraft:time_since_rest":4345,"minecraft:walk_one_cm":40052,"minecraft:sprint_one_cm":47383,"minecraft:deaths":1,"minecraft:walk_under_water_one_cm":1488,"minecraft:drop":1,"minecraft:jump":64,"minecraft:damage_dealt":89,"minecraft:leave_game":3,"minecraft:time_since_death":4319,"minecraft:walk_on_water_one_cm":2126,"minecraft:total_world_time":15108,"minecraft:damage_resisted":10,"minecraft:swim_one_cm":13426,"minecraft:interact_with_crafting_table":2,"minecraft:fall_one_cm":1567,"minecraft:fly_one_cm":9577,"minecraft:damage_taken":230},"minecraft:mined":{"minecraft:hay_block":10,"minecraft:grass":40,"minecraft:acacia_log":20,"minecraft:oak_log":6,"minecraft:poppy":5,"minecraft:acacia_leaves":2,"minecraft:kelp_plant":3,"minecraft:tall_grass":7,"minecraft:kelp":1,"minecraft:crafting_table":1},"minecraft:killed_by":{"minecraft:iron_golem":1}},"DataVersion":2730}